{"cameraMode":{"drawMode":0,"name":"Shaded","section":"Shading Mode"},"sceneLighting":true,"audioPlay":false,"sceneViewState":{"m_AlwaysRefresh":false,"showFog":true,"showSkybox":true,"showFlares":true,"showImageEffects":true,"showParticleSystems":true,"showVisualEffectGraphs":true,"m_FxEnabled":true},"in2DMode":false,"pivot":{"x":40.7563591003418,"y":4.947513580322266,"z":-1.4573103189468384},"rotation":{"x":0.06859740614891052,"y":-0.10009235888719559,"z":0.006917281541973352,"w":0.9925875663757324},"size":7.030832767486572,"orthographic":true}