{"cameraMode":{"drawMode":0,"name":"Shaded","section":"Shading Mode"},"sceneLighting":true,"audioPlay":false,"sceneViewState":{"m_AlwaysRefresh":false,"showFog":true,"showSkybox":true,"showFlares":true,"showImageEffects":true,"showParticleSystems":true,"showVisualEffectGraphs":true,"m_FxEnabled":true},"in2DMode":false,"pivot":{"x":2.519019603729248,"y":0.14842510223388673,"z":2.0485057830810549},"rotation":{"x":-0.17572414875030518,"y":-0.08494257926940918,"z":0.015220931731164456,"w":-0.9806498289108276},"size":7.5392913818359379,"orthographic":false}